tax,sector,projects,led,units,amount
80006930608,PE7,1,0,1,161707
80007010376,LS3,2,0,2,485689
80007010376,LS4,2,0,2,348289
80007010376,LS7,1,0,1,181119
80007010376,PE1,1,1,1,408373
80007010376,PE2,1,0,1,222224
80007010376,PE7,1,1,1,246086
80007010376,PE8,3,0,3,628455
80007010376,PE9,1,0,1,159941
80007010376,PE10,2,0,2,310151
80007010376,SH4,2,0,2,421891
80007010376,SH5,3,0,3,714317
80007010376,SH6,3,1,3,738611
80054330586,LS2,1,0,1,274545
80054330586,LS3,2,0,2,512463
80054330586,LS4,2,0,2,333008
80054330586,LS7,6,0,6,1243316
80054330586,PE2,3,2,3,1305208
80054330586,PE3,4,2,4,1303294
80054330586,PE7,4,0,4,925316
80054330586,PE8,6,2,6,1514849
80054330586,PE10,6,1,6,1381334
80054330586,PE11,4,1,4,942740
80054330586,SH4,3,0,3,564919
80054330586,SH5,1,0,1,249788
80054330586,SH6,2,0,2,297482
01984560662,PE1,1,1,1,191776
01984560662,PE9,2,1,2,543164
97692990159,LS4,3,0,3,506510
96049740184,SH5,1,1,1,313551
97220210583,PE9,4,1,4,1272321
84001850589,PE2,3,0,3,1134061
84001850589,PE8,1,0,1,233292
84001850589,PE9,1,0,1,260788
84001850589,PE11,1,0,1,188713
00055590327,PE10,2,0,2,387539
09261710017,PE2,1,0,1,294318
09261710017,PE7,1,0,1,143940
06838821004,PE10,3,0,3,453469
11933781004,LS4,1,0,1,235853
11933781004,LS7,3,0,3,424185
11933781004,PE7,1,0,1,137742
93135780729,LS7,1,1,1,223975
93051590722,PE7,1,0,1,200916
93051590722,PE8,2,0,2,456804
80057930150,LS3,1,0,1,197975
80057930150,PE1,1,0,1,195142
80057930150,PE3,2,0,2,401205
80057930150,PE7,4,1,4,763393
80057930150,PE8,6,1,6,1439704
80057930150,PE9,1,0,1,174116
80057930150,PE11,1,0,1,243591
00518460019,PE7,3,1,3,815709
00518460019,PE8,4,2,4,950961
00518460019,PE10,3,1,3,753544
00518460019,PE11,4,3,4,937708
92037570469,SH4,3,0,3,710042
80035060328,PE1,2,1,2,374498
80035060328,PE9,2,1,2,433497
80035060328,SH4,1,0,1,241152
80005050507,PE1,1,1,1,211398
95315120634,SH6,1,0,1,249626
97962900581,LS7,2,0,2,335991
09073721004,PE7,2,0,2,425299
09073721004,PE8,1,0,1,182932
09073721004,SH5,1,0,1,190463
97187560152,LS2,1,1,1,273205
97187560152,LS4,2,0,2,336522
97187560152,LS7,1,1,1,405355
97187560152,PE3,1,0,1,186895
97187560152,SH5,1,0,1,277595
97087620585,LS3,1,0,1,176084
97087620585,LS4,2,0,2,323291
80007720271,PE3,2,0,2,357935
80007720271,SH6,1,0,1,158437
02133120150,LS4,3,1,3,603178
02133120150,PE7,1,0,1,184693
02133120150,PE11,1,0,1,235643
02133120150,SH5,2,0,2,383155
93002750698,LS4,1,0,1,191758
93002750698,LS7,1,0,1,186312
93002750698,SH4,1,0,1,232194
97026980793,LS4,1,0,1,126258
97026980793,LS7,2,0,2,309773
92008370709,PE8,1,0,1,208372
94021400026,LS2,1,0,1,250042
94021400026,LS4,1,0,1,235959
94021400026,LS7,1,0,1,184026
94021400026,PE2,1,0,1,196642
94021400026,PE11,1,0,1,233982
94021400026,SH5,1,0,1,242959
94021400026,SH6,1,0,1,260592
01114010620,LS7,1,0,1,162540
01021630668,LS2,1,0,1,234663
01021630668,LS7,2,0,2,378301
01021630668,PE3,1,0,1,99143
01021630668,PE7,1,1,1,238491
01021630668,SH6,1,0,1,161526
96003410766,PE11,1,0,1,112609
02044190615,LS2,1,1,1,400000
02044190615,LS4,5,0,5,963173
02044190615,LS7,6,1,6,1234290
80029030568,PE8,1,1,1,251352
80029030568,PE10,1,1,1,289491
80002170720,LS4,1,0,1,147461
80002170720,LS7,2,0,2,396148
80002170720,SH5,3,0,3,570223
80002170720,SH6,1,0,1,330833
98007650173,LS2,1,0,1,201961
98007650173,LS4,1,0,1,164157
98007650173,LS7,2,0,2,399547
98007650173,PE2,1,0,1,165080
98007650173,PE7,2,0,2,362016
80019600925,LS7,2,1,2,507761
80019600925,PE2,1,1,1,225153
80019600925,PE9,1,0,1,56497
81001910439,LS7,1,1,1,180596
81001910439,PE10,1,0,1,236205
81001910439,PE11,2,0,2,346849
81006500607,PE7,4,1,4,721381
81006500607,PE8,2,1,2,359240
02772010878,LS4,2,1,2,465465
02772010878,LS7,2,1,2,372302
02772010878,PE7,4,0,4,777450
02772010878,PE8,1,0,1,200000
02772010878,PE11,1,0,1,172114
02772010878,SH5,1,1,1,202995
02772010878,SH6,2,0,2,313721
80007370382,PE1,1,0,1,182388
80007370382,SH4,1,0,1,219523
80007370382,SH5,1,0,1,203319
80007370382,SH6,1,0,1,158763
01279680480,LS4,2,1,2,369672
01279680480,LS7,1,0,1,230130
01279680480,PE2,2,0,2,515591
01279680480,PE3,1,0,1,222029
01279680480,PE7,3,2,3,668740
01279680480,PE8,1,0,1,197947
01279680480,PE10,1,1,1,253738
01279680480,SH5,4,0,4,964876
01279680480,SH6,2,0,2,299642
94045260711,LS4,1,0,1,137901
94045260711,LS7,3,0,3,574615
94045260711,PE7,1,0,1,136931
00754150100,LS2,1,0,1,200000
00754150100,LS4,1,0,1,161805
00754150100,PE2,1,0,1,178665
00754150100,PE8,1,0,1,243669
00754150100,PE9,1,0,1,179829
00754150100,PE10,2,0,2,403751
00754150100,PE11,1,0,1,267706
00754150100,SH5,1,0,1,188433
00754150100,SH6,1,0,1,255083
00177050432,SH5,1,0,1,140885
80004070837,LS4,1,0,1,162237
80004070837,PE8,1,0,1,233921
80004070837,PE10,1,0,1,239179
80004070837,SH4,1,0,1,197437
80004070837,SH5,3,0,3,568048
80012650158,LS2,2,1,2,568781
80012650158,LS3,2,1,2,498384
80012650158,LS4,4,2,4,688633
80012650158,LS7,4,2,4,887187
80012650158,PE1,1,0,1,187989
80012650158,PE2,1,0,1,183969
80012650158,PE3,2,1,2,439435
80012650158,PE9,1,1,1,217453
80012650158,PE10,1,0,1,212697
80012650158,PE11,1,1,1,219884
80012650158,SH4,1,0,1,193536
12621570154,LS4,1,1,1,166670
12621570154,LS7,1,0,1,159054
12621570154,PE1,1,1,1,193474
12621570154,PE2,1,0,1,184669
12621570154,PE3,1,1,1,185477
12621570154,PE10,4,1,4,1250529
12621570154,SH4,3,3,3,715984
00427620364,LS2,1,0,1,266350
00427620364,PE8,1,0,1,240000
00427620364,PE10,1,0,1,163257
00427620364,SH6,1,0,1,200971
00297640633,SH6,1,0,1,257073
80018240632,PE7,1,0,1,137742
80018240632,PE8,2,0,2,379020
80018240632,PE10,1,1,1,359392
80018240632,PE11,1,0,1,174955
00876220633,LS2,1,0,1,200000
00876220633,LS4,3,2,3,582440
00876220633,LS7,6,2,6,1227031
00876220633,PE7,2,0,2,375515
00876220633,PE8,7,2,7,1667399
00876220633,PE10,1,0,1,206216
00876220633,PE11,1,0,1,150613
00876220633,SH5,2,0,2,350307
80006480281,LS2,2,2,2,652641
80006480281,LS3,4,2,4,1166121
80006480281,LS4,1,1,1,184772
80006480281,LS7,2,0,2,421321
80006480281,PE2,1,1,1,256019
80006480281,PE3,2,0,2,356002
80006480281,PE7,3,0,3,634744
80006480281,PE8,3,0,3,649664
80006480281,PE9,1,0,1,165144
80006480281,PE10,3,1,3,523937
80006480281,PE11,1,0,1,128128
80006480281,SH4,1,0,1,240288
80006480281,SH5,2,1,2,405400
80006480281,SH6,3,1,3,655790
80023730825,LS2,1,0,1,234419
80023730825,LS4,1,0,1,278369
80023730825,PE2,2,1,2,382950
80023730825,PE8,1,0,1,193779
80023730825,PE11,2,0,2,408006
80023730825,SH5,1,1,1,315692
80023730825,SH6,2,1,2,432462
00308780345,LS2,1,0,1,229615
00308780345,LS7,1,0,1,181897
00308780345,PE1,1,0,1,186501
00308780345,PE2,1,0,1,196713
00308780345,PE3,1,0,1,146729
00308780345,PE7,1,0,1,196932
00308780345,PE8,3,1,3,599268
00308780345,PE11,1,0,1,258549
00308780345,SH4,1,0,1,265942
00308780345,SH5,1,0,1,172226
00308780345,SH6,1,0,1,134474
80007270186,LS7,1,1,1,297991
80007270186,PE1,2,0,2,387722
80007270186,PE7,1,0,1,200916
80007270186,PE8,2,0,2,445378
80007270186,SH5,2,1,2,429899
80007270186,SH6,1,0,1,166661
00448820548,LS2,1,0,1,311894
00448820548,LS3,1,0,1,295894
00448820548,LS7,1,0,1,220103
00448820548,PE7,4,0,4,615078
00448820548,PE8,3,0,3,723526
00448820548,SH5,1,0,1,198268
80209930587,LS2,2,0,2,445498
80209930587,LS4,10,2,10,2011494
80209930587,LS7,10,1,10,2105734
80209930587,PE1,4,0,4,746482
80209930587,PE2,1,0,1,232019
80209930587,PE3,3,1,3,635341
80209930587,PE8,3,0,3,594080
80209930587,PE9,1,0,1,239989
80209930587,PE10,1,0,1,223904
80209930587,PE11,4,1,4,741588
80209930587,SH4,3,0,3,556990
80209930587,SH5,3,2,3,674706
80209930587,SH6,2,0,2,357309
80213750583,LS3,2,0,2,466329
80213750583,LS4,3,0,3,527029
80213750583,PE1,3,0,3,564352
80213750583,PE2,1,0,1,219722
80213750583,PE3,1,0,1,163801
80213750583,PE7,2,0,2,381561
80213750583,PE8,2,0,2,398999
80213750583,PE11,1,0,1,134088
80213750583,SH4,2,0,2,369590
80018670655,LS7,3,1,3,691043
80018670655,PE7,2,1,2,444572
80018670655,PE8,4,1,4,795502
80018670655,SH4,2,0,2,530321
80018670655,SH5,1,0,1,236115
80018670655,SH6,1,0,1,248926
00196350904,PE11,1,0,1,193941
80002070524,LS4,1,0,1,163935
80002070524,LS7,2,2,2,633108
80002070524,PE7,1,0,1,174618
80002070524,SH4,1,1,1,248700
80002070524,SH5,1,1,1,387036
80002070524,SH6,1,1,1,197072
92012890676,LS7,1,0,1,125524
80088230018,LS2,2,0,2,440425
80088230018,LS3,1,0,1,289705
80088230018,LS4,3,0,3,481511
80088230018,LS7,3,1,3,973635
80088230018,PE1,2,0,2,400745
80088230018,PE2,2,0,2,345333
80088230018,PE3,2,0,2,342159
80088230018,PE7,1,1,1,245589
80088230018,PE9,1,0,1,157140
80088230018,PE10,3,1,3,700733
80088230018,SH4,2,0,2,485653
80088230018,SH5,3,0,3,610512
80088230018,SH6,3,2,3,838024
00340520220,LS2,1,0,1,247098
00340520220,LS4,1,0,1,158609
00340520220,LS7,1,0,1,161510
00340520220,PE1,1,0,1,166171
00340520220,PE7,2,1,2,407665
00340520220,PE8,2,1,2,409405
00340520220,PE10,1,0,1,232505
00340520220,SH4,4,2,4,966637
00340520220,SH6,1,0,1,221389
80013890324,LS3,1,1,1,279792
80013890324,LS4,1,0,1,194295
80013890324,LS7,1,1,1,247730
80013890324,PE2,1,0,1,197714
80013890324,PE3,1,0,1,172714
80013890324,PE9,1,0,1,163557
80013890324,SH4,1,1,1,212539
80014550307,PE8,1,0,1,241037
82002850418,PE10,1,0,1,182613
82002850418,SH6,1,0,1,176970
93009870234,LS4,1,1,1,324954
93009870234,LS7,1,0,1,150825
93009870234,PE1,1,0,1,185332
93009870234,SH4,2,1,2,552346
93009870234,SH6,1,1,1,364636
95039180120,LS4,1,0,1,190075
95039180120,LS7,2,0,2,304582
95039180120,PE2,1,0,1,179000
95039180120,SH6,2,1,2,566458
04400441004,LS7,2,0,2,311867
04400441004,PE1,2,0,2,355344
04400441004,PE2,1,1,1,159199
04400441004,PE7,2,1,2,556037
04400441004,PE8,1,0,1,201097
04400441004,SH5,2,1,2,473851
04400441004,SH6,2,0,2,495558
80008870752,LS7,1,0,1,118041
80008870752,SH5,1,0,1,199715
80003950781,LS7,1,0,1,176553
80003950781,PE3,1,0,1,130581
80003950781,PE8,3,0,3,597212
80003670504,LS3,1,0,1,301556
80003670504,LS4,2,0,2,326473
80003670504,LS7,1,0,1,168537
80003670504,PE1,3,0,3,579183
80003670504,PE2,1,0,1,219225
80003670504,PE7,1,0,1,168009
80003670504,PE8,1,0,1,205005
80003670504,PE9,1,0,1,269235
80003670504,PE10,2,1,2,472849
80003670504,PE11,1,0,1,224632
80003670504,SH6,3,1,3,707177
80009280274,PE8,1,0,1,204999
80002630541,PE8,1,1,1,244890
00382520427,LS7,1,0,1,232617
00382520427,PE8,1,1,1,266931
90027520130,PE11,1,0,1,175008
90027520130,SH4,1,0,1,195296
90027520130,SH5,1,0,1,216500
05411471211,PE8,2,0,2,300197
05411471211,SH5,1,0,1,149719
97471900155,LS7,1,0,1,150345
97471900155,SH5,1,0,1,184588
