name,tax,projects,led,units,amount
Consiglio Nazionale delle Ricerche,80054330586,44,8,44,10848262
"Università degli Studi di ROMA ""La Sapienza""",80209930587,47,7,47,9565134
Università degli Studi di PADOVA,80006480281,29,9,29,6439971
Università degli Studi di TORINO,80088230018,28,5,28,6311164
Alma Mater Studiorum - Università di BOLOGNA,80007010376,22,3,22,4865146
Università degli Studi di Napoli Federico II,00876220633,23,6,23,4759521
Università degli Studi di MILANO,80012650158,20,9,20,4297948
Università degli Studi di FIRENZE,01279680480,17,4,17,3722365
Università di PISA,80003670504,17,2,17,3641881
Politecnico di TORINO,00518460019,14,7,14,3457922
Politecnico di MILANO,80057930150,16,2,16,3415126
"Università degli Studi di ROMA ""Tor Vergata""",80213750583,17,0,17,3225471
Università degli Studi di TRENTO,00340520220,14,4,14,2970989
Università degli Studi di SALERNO,80018670655,13,3,13,2946479
Università degli Studi di MILANO-BICOCCA,12621570154,12,7,12,2855857
"Università degli Studi della Campania ""Luigi Vanvitelli""",02044190615,12,2,12,2597463
Università degli Studi di PARMA,00308780345,13,1,13,2568846
Università degli Studi ROMA TRE,04400441004,12,3,12,2552953
Università degli Studi di CATANIA,02772010878,13,3,13,2504047
Università degli Studi di PERUGIA,00448820548,11,0,11,2364763
Università degli Studi di PALERMO,80023730825,10,3,10,2245677
Università degli Studi di GENOVA,00754150100,10,0,10,2078941
Università degli Studi di PAVIA,80007270186,9,2,9,1928567
Istituto Nazionale di Fisica Nucleare,84001850589,6,0,6,1816854
Università degli Studi di SIENA,80002070524,7,5,7,1804469
Università degli Studi del PIEMONTE ORIENTALE,94021400026,7,0,7,1604202
Università degli Studi di VERONA,93009870234,6,3,6,1578093
UNISR - Università Vita Salute San Raffaele,97187560152,6,2,6,1479572
Università degli Studi di TRIESTE,80013890324,7,3,7,1468341
Università degli Studi di BARI ALDO MORO,80002170720,7,0,7,1444665
Università Cattolica del Sacro Cuore,02133120150,7,1,7,1406669
Università degli Studi di MESSINA,80004070837,7,0,7,1400822
Università degli Studi di BRESCIA,98007650173,7,0,7,1292761
Istituto Nazionale di Astrofisica,97220210583,4,1,4,1272321
Università degli Studi INSUBRIA Varese-Como,95039180120,6,1,6,1240115
Università degli Studi dell'AQUILA,01021630668,6,1,6,1112124
Università degli Studi di CASSINO e del LAZIO MERIDIONALE,81006500607,6,2,6,1080621
"Università degli Studi di NAPOLI ""Parthenope""",80018240632,5,1,5,1051109
Scuola Internazionale Superiore di Studi Avanzati di TRIESTE,80035060328,5,2,5,1049147
Università della CALABRIA,80003950781,5,0,5,904346
Università degli Studi di MODENA e REGGIO EMILIA,00427620364,4,0,4,870578
Università degli Studi di FOGGIA,94045260711,5,0,5,849447
UNICUSANO Università degli Studi Niccolò Cusano -Telematica Roma,09073721004,4,0,4,798694
LINK CAMPUS University,11933781004,5,0,5,797780
Università degli Studi di CAGLIARI,80019600925,4,2,4,789411
Università degli Studi di FERRARA,80007370382,4,0,4,763993
Università degli Studi di CAMERINO,81001910439,4,1,4,763650
Gran Sasso Science Institute - Scuola di dottorato internazionale,01984560662,3,2,3,734940
Scuola IMT Alti Studi - LUCCA,92037570469,3,0,3,710042
Politecnico di BARI,93051590722,3,0,3,657720
"Università degli Studi ""G. d'Annunzio"" CHIETI-PESCARA",93002750698,3,0,3,610264
"Università Telematica ""E-CAMPUS""",90027520130,3,0,3,586804
Università degli Studi della TUSCIA,80029030568,2,2,2,540843
Università Ca' Foscari VENEZIA,80007720271,3,0,3,516372
HUMANITAS University,97692990159,3,0,3,506510
Università Politecnica delle MARCHE,00382520427,2,1,2,499548
"Università ""Campus Bio-Medico"" di ROMA",97087620585,3,0,3,499375
Istituto Nazionale Geofisica e Vulcanologia,06838821004,3,0,3,453469
Università Telematica PEGASO,05411471211,3,0,3,449916
Istituto Nazionale di Ricerca Metrologica,09261710017,2,0,2,438258
"Università degli Studi ""Magna Graecia"" di CATANZARO",97026980793,3,0,3,436031
Istituto Nazionale di Oceanografia e di Geofisica Sperimentale,00055590327,2,0,2,387539
Università degli Studi di Urbino Carlo Bo,82002850418,2,0,2,359583
UniCamillus - Saint Camillus International University of Health Sciences,97962900581,2,0,2,335991
Università Telematica San Raffaele Roma,97471900155,2,0,2,334933
Università del SALENTO,80008870752,2,0,2,317756
I.U.S.S. - Istituto Universitario di Studi Superiori - PAVIA,96049740184,1,1,1,313551
"Università degli Studi di NAPOLI ""L'Orientale""",00297640633,1,0,1,257073
Scuola Superiore Meridionale,95315120634,1,0,1,249626
Università per Stranieri di PERUGIA,80002630541,1,1,1,244890
Università degli Studi di UDINE,80014550307,1,0,1,241037
"LUM ""Giuseppe Degennaro""",93135780729,1,1,1,223975
Scuola Normale Superiore di PISA,80005050507,1,1,1,211398
Università degli Studi del MOLISE,92008370709,1,0,1,208372
Università IUAV di VENEZIA,80009280274,1,0,1,204999
Università degli Studi di SASSARI,00196350904,1,0,1,193941
Università degli Studi del SANNIO di BENEVENTO,01114010620,1,0,1,162540
ACCADEMIA DI BELLE ARTI DI FROSINONE,80006930608,1,0,1,161707
Università degli Studi di MACERATA,00177050432,1,0,1,140885
Università degli Studi di TERAMO,92012890676,1,0,1,125524
Università degli Studi della BASILICATA,96003410766,1,0,1,112609
