sector,ranked,funded,unfunded,rate,institutions,amount
LS2,8,5,3,0.625,17,5431137
LS3,7,4,3,0.5714285714285714,11,4669992
LS4,16,12,4,0.75,32,12091756
LS7,28,17,11,0.6071428571428571,41,17876517
PE1,8,5,3,0.625,17,5516870
PE2,12,6,6,0.5,21,6993474
PE3,8,5,3,0.625,15,5142740
PE7,18,11,7,0.6111111111111112,29,11448788
PE8,22,14,8,0.6363636363636364,34,16458886
PE9,8,4,4,0.5,14,4292671
PE10,14,9,5,0.6428571428571429,21,9237033
PE11,10,6,4,0.6,21,6491047
SH4,16,8,8,0.5,20,8120980
SH5,16,9,7,0.5625,29,10215141
SH6,14,9,5,0.6428571428571429,27,9245266
