scope,fundable_projects,institutions,collaboration_pairs,components,density,pair_project_occurrences,max_shared_projects,max_normalized_weight
Overall,124,81,762,1,0.2351851851851852,1285,16,0.12903225806451613
LS2,5,17,33,2,0.2426470588235294,34,2,0.4
LS3,4,11,28,1,0.509090909090909,32,2,0.5
LS4,12,32,123,1,0.24798387096774194,148,4,0.3333333333333333
LS7,17,41,152,2,0.18536585365853658,185,4,0.23529411764705882
PE1,5,17,57,1,0.41911764705882354,66,3,0.6
PE2,6,21,50,2,0.23809523809523808,53,2,0.3333333333333333
PE3,5,15,43,1,0.4095238095238095,50,2,0.4
PE7,11,29,107,1,0.26354679802955666,123,3,0.2727272727272727
PE8,14,34,144,1,0.25668449197860965,167,4,0.2857142857142857
PE9,4,14,35,1,0.38461538461538464,37,2,0.5
PE10,9,21,63,1,0.3,75,3,0.3333333333333333
PE11,6,21,66,1,0.3142857142857143,71,3,0.5
SH4,8,20,59,1,0.3105263157894737,64,3,0.375
SH5,9,29,93,1,0.229064039408867,101,2,0.2222222222222222
SH6,9,27,74,1,0.21082621082621084,79,2,0.2222222222222222
